SMILES,tpsa,num_five_six_membered_rings,QED,SAS,Task
CC(NC(=O)[C@@H](N)COCc1ccccc1)C(=O)O,101.65000000000002,1,0.6503445638223377,2.6139765979884295,-5.9906998
CC(=O)N[C@@H](Cc1ccccc1)C(=O)N[C@H](Cc1ccccc1)C(N)=O,101.28999999999999,2,0.6583295437899587,2.482083365861593,-5.6994848
COc1cc(-c2cc(=O)c3c(O)cc(O)cc3o2)cc(O)c1OC,109.36000000000001,3,0.6768622802504395,2.514177559234774,-4.9499998
COc1ccc(-c2oc3cc(O)cc(O)c3c(=O)c2O)cc1,100.13000000000001,3,0.6723108130019759,2.2536229788765425,-5.1900001
COc1cc2nc(N(C)CCCNC(=O)C3CCCO3)nc(N)c2cc1OC,111.83,3,0.6509374244824966,2.9957624169452153,-5.6399999
